{
  "codebook": {
    "perplexity": 4445.54457598417,
    "codes_used": 7587.0,
    "codebook_size": 8192.0,
    "utilization": 0.9261474609375,
    "dead_code_fraction": 0.0738525390625,
    "entropy_nats": 8.399657654725896
  },
  "sequence": {
    "unigram_entropy": 8.399657654725896,
    "bigram_conditional_entropy": 7.292559237465436,
    "entropy_gap_pct": 13.18028023008263,
    "mean_run_length": 1.0053039837171105,
    "frac_runs_ge_2": 0.07921859785783836,
    "max_possible_entropy": 9.010913347279288
  },
  "probe": {
    "top1_tokens_mean": 0.50394,
    "top1_tokens_std": 0.006631968033698594,
    "top5_tokens_mean": 0.922,
    "top5_tokens_std": 0.001506651917331905,
    "bal_acc_tokens_mean": 0.5038714229416188,
    "bal_acc_tokens_std": 0.0064080781510984335,
    "top1_raw_mean": 0.10112,
    "top1_raw_std": 0.0020583974348992945,
    "top5_raw_mean": 0.50312,
    "top5_raw_std": 0.004902754327926273,
    "bal_acc_raw_mean": 0.09974332467957715,
    "bal_acc_raw_std": 0.0007137233896761553,
    "top1_random_mean": 0.10138,
    "top1_random_std": 0.0019175505208468445,
    "top5_random_mean": 0.50444,
    "top5_random_std": 0.0048582918808980765,
    "bal_acc_random_mean": 0.10141565708259008,
    "bal_acc_random_std": 0.0019352796336043999
  },
  "retrieval": {
    "prec@1_tokens": 0.23484563537120923,
    "prec@5_tokens": 0.21748672184691706,
    "prec@1_raw": 0.10232922931308516,
    "prec@5_raw": 0.10208843019063862,
    "prec@1_random": 0.10207658230046668,
    "prec@5_random": 0.0984923263593676,
    "prec@1_tokens_jaccard": 0.17923333275239767,
    "prec@5_tokens_jaccard": 0.16523257312657372
  }
}