{
  "codebook": {
    "perplexity": 4439.27136202673,
    "codes_used": 7462.0,
    "codebook_size": 8192.0,
    "utilization": 0.910888671875,
    "dead_code_fraction": 0.089111328125,
    "entropy_nats": 8.398245534307499
  },
  "sequence": {
    "unigram_entropy": 8.398245534307499,
    "bigram_conditional_entropy": 6.852705197976446,
    "entropy_gap_pct": 18.40313348802911,
    "mean_run_length": 1.005266175458206,
    "frac_runs_ge_2": 0.07877481451774614,
    "max_possible_entropy": 9.010913347279288
  },
  "probe": {
    "top1_tokens_mean": 0.13862000000000002,
    "top1_tokens_std": 0.0021016660058153927,
    "top5_tokens_mean": 0.39828,
    "top5_tokens_std": 0.005392309338307661,
    "bal_acc_tokens_mean": 0.037203041524044196,
    "bal_acc_tokens_std": 0.00019836240251717624,
    "top1_raw_mean": 0.05634,
    "top1_raw_std": 0.024952615093412553,
    "top5_raw_mean": 0.26274000000000003,
    "top5_raw_std": 0.06432801100609284,
    "bal_acc_raw_mean": 0.03750858748941994,
    "bal_acc_raw_std": 0.0007681860344525253,
    "top1_random_mean": 0.12764,
    "top1_random_std": 0.0032004687156727478,
    "top5_random_mean": 0.36846,
    "top5_random_std": 0.0032354288741988976,
    "bal_acc_random_mean": 0.03714833443231441,
    "bal_acc_random_std": 0.0009132769575240547
  },
  "retrieval": {
    "prec@1_tokens": 0.03777730648101348,
    "prec@5_tokens": 0.03533140814015976,
    "prec@1_raw": 0.0333686782691241,
    "prec@5_raw": 0.03588847944223642,
    "prec@1_random": 0.034951529340663735,
    "prec@5_random": 0.033896277735781855,
    "prec@1_tokens_jaccard": 0.03350361736508222,
    "prec@5_tokens_jaccard": 0.03670914062353231
  }
}