{
  "codebook": {
    "perplexity": 1350.0280827753545,
    "codes_used": 3714.0,
    "codebook_size": 8192.0,
    "utilization": 0.453369140625,
    "dead_code_fraction": 0.546630859375,
    "entropy_nats": 7.207880673271934
  },
  "sequence": {
    "unigram_entropy": 7.207880673271934,
    "bigram_conditional_entropy": 2.290641668498062,
    "entropy_gap_pct": 68.22031645179482,
    "mean_run_length": 1.0061250274664908,
    "frac_runs_ge_2": 0.0942649967040211,
    "max_possible_entropy": 9.010913347279288
  },
  "probe": {
    "top1_tokens_mean": 0.0725423362008332,
    "top1_tokens_std": 0.020832951931626625,
    "top5_tokens_mean": 0.28875399015311365,
    "top5_tokens_std": 0.02388203259025627,
    "bal_acc_tokens_mean": 0.06788595779865271,
    "bal_acc_tokens_std": 0.013663710042171377,
    "top1_raw_mean": 0.04154520370069794,
    "top1_raw_std": 0.025756729224845485,
    "top5_raw_mean": 0.19119839852837742,
    "top5_raw_std": 0.06498322681238286,
    "bal_acc_raw_mean": 0.028206870290203623,
    "bal_acc_raw_std": 0.008505581350781954,
    "top1_random_mean": 0.03296434561488936,
    "top1_random_std": 0.010452309752269325,
    "top5_random_mean": 0.18128009522263702,
    "top5_random_std": 0.02391908687346377,
    "bal_acc_random_mean": 0.041500597180657066,
    "bal_acc_random_std": 0.021250945173579016
  },
  "retrieval": {
    "prec@1_tokens": 0.04985541480412617,
    "prec@5_tokens": 0.045859617709320045,
    "prec@1_random": 0.041539721577317404,
    "prec@5_random": 0.037666810137490854,
    "prec@1_raw": 0.03345507965054375,
    "prec@5_raw": 0.033492845627619235,
    "prec@1_tokens_jaccard": 0.03943570087384015,
    "prec@5_tokens_jaccard": 0.045009885639106545
  },
  "_feature_legend": {
    "tokens": "mean-pooled 64-D codebook embeddings (LaBraMEvalAdapter); input was averaged across 40 trials (4 reps \u00d7 10 EEG2 subjects)",
    "raw": "averaged-waveform token IDs cast to float32 \u2014 17 sparse categoricals",
    "random": "uniformly random token IDs (lower bound)",
    "_averaging": "4 reps \u00d7 10 subjects = 40 trials per image condition",
    "_n_train_images_val": "~3308 val-assigned training-pool images"
  }
}