{
  "codebook": {
    "perplexity": 4343.148138020149,
    "codes_used": 6591.0,
    "codebook_size": 8192.0,
    "utilization": 0.8045654296875,
    "dead_code_fraction": 0.1954345703125,
    "entropy_nats": 8.3763547415594
  },
  "sequence": {
    "unigram_entropy": 8.3763547415594,
    "bigram_conditional_entropy": 3.543606268741158,
    "entropy_gap_pct": 57.695126602512346,
    "mean_run_length": 1.0052998671939704,
    "frac_runs_ge_2": 0.08006586394977874,
    "max_possible_entropy": 9.010913347279288
  },
  "probe": {
    "top1_tokens_mean": 0.03344516668496891,
    "top1_tokens_std": 0.004196358089336655,
    "top5_tokens_mean": 0.18555023834819342,
    "top5_tokens_std": 0.008001973689599685,
    "bal_acc_tokens_mean": 0.04288931877989967,
    "bal_acc_tokens_std": 0.005194831733248002,
    "top1_raw_mean": 0.023464628810561147,
    "top1_raw_std": 0.0025946368090866544,
    "top5_raw_mean": 0.18965265861103137,
    "top5_raw_std": 0.05973648502631569,
    "bal_acc_raw_mean": 0.037305102168630255,
    "bal_acc_raw_std": 0.0010145833065895236,
    "top1_random_mean": 0.05896762089737466,
    "top1_random_std": 0.005568528577253212,
    "top5_random_mean": 0.2549143653243401,
    "top5_random_std": 0.005934542666165411,
    "bal_acc_random_mean": 0.038095177098075715,
    "bal_acc_random_std": 0.0036643910591321344
  },
  "retrieval": {
    "prec@1_tokens": 0.03907939377796315,
    "prec@5_tokens": 0.0379067028620642,
    "prec@1_raw": 0.03925044511002113,
    "prec@5_raw": 0.03696719938925418,
    "prec@1_random": 0.03427464039723286,
    "prec@5_random": 0.03746369662670454,
    "prec@1_tokens_jaccard": 0.03718151778359928,
    "prec@5_tokens_jaccard": 0.03718775443927509
  }
}