{
  "codebook": {
    "perplexity": 4439.27136202673,
    "codes_used": 7462.0,
    "codebook_size": 8192.0,
    "utilization": 0.910888671875,
    "dead_code_fraction": 0.089111328125,
    "entropy_nats": 8.398245534307499
  },
  "sequence": {
    "unigram_entropy": 8.398245534307499,
    "bigram_conditional_entropy": 6.852705197976446,
    "entropy_gap_pct": 18.40313348802911,
    "mean_run_length": 1.005266175458206,
    "frac_runs_ge_2": 0.07877481451774614,
    "max_possible_entropy": 9.010913347279288
  },
  "probe": {
    "top1_tokens_mean": 0.5800000000000001,
    "top1_tokens_std": 0.012279047194306216,
    "top5_tokens_mean": 1.0,
    "top5_tokens_std": 0.0,
    "bal_acc_tokens_mean": 0.5051178125355864,
    "bal_acc_tokens_std": 0.004606728288215673,
    "top1_raw_mean": 0.6152,
    "top1_raw_std": 0.04888547841639686,
    "top5_raw_mean": 1.0,
    "top5_raw_std": 0.0,
    "bal_acc_raw_mean": 0.49639420887353425,
    "bal_acc_raw_std": 0.00791240413927894,
    "top1_random_mean": 0.7235,
    "top1_random_std": 0.0036076308015095065,
    "top5_random_mean": 1.0,
    "top5_random_std": 0.0,
    "bal_acc_random_mean": 0.5005031055818465,
    "bal_acc_random_std": 0.003883347907333673
  },
  "retrieval": {
    "prec@1_tokens": 0.49307778978709516,
    "prec@5_tokens": 0.49976394893547593,
    "prec@1_raw": 0.49368066318623055,
    "prec@5_raw": 0.49676921037605026,
    "prec@1_random": 0.49387822212252225,
    "prec@5_random": 0.4968665878130354,
    "prec@1_tokens_jaccard": 0.4979466616363488,
    "prec@5_tokens_jaccard": 0.503102312586671
  }
}