{
  "codebook": {
    "perplexity": 4439.27136202673,
    "codes_used": 7462.0,
    "codebook_size": 8192.0,
    "utilization": 0.910888671875,
    "dead_code_fraction": 0.089111328125,
    "entropy_nats": 8.398245534307499
  },
  "sequence": {
    "unigram_entropy": 8.398245534307499,
    "bigram_conditional_entropy": 6.852705197976446,
    "entropy_gap_pct": 18.40313348802911,
    "mean_run_length": 1.005266175458206,
    "frac_runs_ge_2": 0.07877481451774614,
    "max_possible_entropy": 9.010913347279288
  },
  "probe": {
    "top1_tokens_mean": 0.029120000000000004,
    "top1_tokens_std": 0.0009549869109050658,
    "top5_tokens_mean": 0.1723,
    "top5_tokens_std": 0.0024959967948697355,
    "bal_acc_tokens_mean": 0.0412295842482172,
    "bal_acc_tokens_std": 0.0011037560915079995,
    "top1_raw_mean": 0.027100000000000003,
    "top1_raw_std": 0.005553827509024745,
    "top5_raw_mean": 0.15926,
    "top5_raw_std": 0.0064771135546630625,
    "bal_acc_raw_mean": 0.037053259730965876,
    "bal_acc_raw_std": 0.0001382440243550845,
    "top1_random_mean": 0.061720000000000004,
    "top1_random_std": 0.0030375977350531463,
    "top5_random_mean": 0.30244000000000004,
    "top5_random_std": 0.0044014770248179316,
    "bal_acc_random_mean": 0.03702737740317127,
    "bal_acc_random_std": 0.002485363537840849
  },
  "retrieval": {
    "prec@1_tokens": 0.03777730648101348,
    "prec@5_tokens": 0.03533140814015976,
    "prec@1_raw": 0.0333686782691241,
    "prec@5_raw": 0.03588847944223642,
    "prec@1_random": 0.034951529340663735,
    "prec@5_random": 0.033896277735781855,
    "prec@1_tokens_jaccard": 0.03350361736508222,
    "prec@5_tokens_jaccard": 0.03670914062353231
  }
}