{
  "reconstruction": {
    "mse": 0.29284875452200854,
    "channel_corr_mean": 0.8589825511613917,
    "psd_mse": 412460.1944937833
  },
  "codebook": {
    "perplexity": 493.4166813555444,
    "codes_used": 512.0,
    "codebook_size": 512.0,
    "utilization": 1.0,
    "dead_code_fraction": 0.0,
    "entropy_nats": 6.201354012513499
  },
  "sequence": {
    "unigram_entropy": 6.201354012513499,
    "bigram_conditional_entropy": 5.668447140560395,
    "entropy_gap_pct": 8.593395424253632,
    "mean_run_length": 1.0018806201969992,
    "frac_runs_ge_2": 0.6101243339253997,
    "max_possible_entropy": 6.238324625039508
  },
  "probe": {
    "top1_tokens_all_mean": 0.03553588987217306,
    "top1_tokens_all_std": 0.008925794202979556,
    "top5_tokens_all_mean": 0.18297345132743362,
    "top5_tokens_all_std": 0.03749828250065569,
    "bal_acc_tokens_all_mean": 0.03347341368583199,
    "bal_acc_tokens_all_std": 0.009005382608886925,
    "top1_tokens_rvq0_mean": 0.031091445427728612,
    "top1_tokens_rvq0_std": 0.014070174593064687,
    "top5_tokens_rvq0_mean": 0.18205703048180924,
    "top5_tokens_rvq0_std": 0.04846564001149427,
    "bal_acc_tokens_rvq0_mean": 0.03883968405987788,
    "bal_acc_tokens_rvq0_std": 0.027374061004888664,
    "top1_raw_mean": 0.10300098328416912,
    "top1_raw_std": 0.01363055739356858,
    "top5_raw_mean": 0.3587964601769911,
    "top5_raw_std": 0.01770354145457946,
    "bal_acc_raw_mean": 0.06008525988953139,
    "bal_acc_raw_std": 0.023721551805389977,
    "top1_random_mean": 0.02486529006882989,
    "top1_random_std": 0.0039623692423393225,
    "top5_random_mean": 0.14121140609636185,
    "top5_random_std": 0.016485612298855135,
    "bal_acc_random_mean": 0.024350224125973506,
    "bal_acc_random_std": 0.008426207651060159
  },
  "retrieval": {
    "prec@1_tokens": 0.03247715686746223,
    "prec@5_tokens": 0.03277309318238167,
    "prec@1_random": 0.041714426239796105,
    "prec@5_random": 0.03997753941168803,
    "prec@1_raw": 0.042376344272658795,
    "prec@5_raw": 0.0437384295690577,
    "prec@1_tokens_jaccard": 0.04474249985978647,
    "prec@5_tokens_jaccard": 0.03909263615666555
  }
}