{
  "reconstruction": {
    "mse": 1.069547510772517,
    "channel_corr_mean": 0.8698740584482638,
    "psd_mse": 27748961.118814588
  },
  "codebook": {
    "perplexity": 493.5556567214904,
    "codes_used": 512.0,
    "codebook_size": 512.0,
    "utilization": 1.0,
    "dead_code_fraction": 0.0,
    "entropy_nats": 6.201635632091886
  },
  "sequence": {
    "unigram_entropy": 6.201635632091886,
    "bigram_conditional_entropy": 5.889095191524399,
    "entropy_gap_pct": 5.039645330824816,
    "mean_run_length": 1.0019275702327992,
    "frac_runs_ge_2": 0.6291732909379968,
    "max_possible_entropy": 6.238324625039508
  },
  "probe": {
    "top1_tokens_all_mean": 0.021663668780965,
    "top1_tokens_all_std": 0.006230968443381977,
    "top5_tokens_all_mean": 0.1544179368235034,
    "top5_tokens_all_std": 0.012473240925074144,
    "bal_acc_tokens_all_mean": 0.031802370205948116,
    "bal_acc_tokens_all_std": 0.00966522849215678,
    "top1_tokens_rvq0_mean": 0.0188807630408028,
    "top1_tokens_rvq0_std": 0.005170868765920267,
    "top5_tokens_rvq0_mean": 0.15222869134399947,
    "top5_tokens_rvq0_std": 0.007843417323013618,
    "bal_acc_tokens_rvq0_mean": 0.029360027573776468,
    "bal_acc_tokens_rvq0_std": 0.007783088379933666,
    "top1_raw_mean": 0.06955725961690176,
    "top1_raw_std": 0.004487956244943791,
    "top5_raw_mean": 0.31379579664867935,
    "top5_raw_std": 0.01895844700178535,
    "bal_acc_raw_mean": 0.04307954466219019,
    "bal_acc_raw_std": 0.00494003257051324,
    "top1_random_mean": 0.022853356054151282,
    "top1_random_std": 0.0034400882938992886,
    "top5_random_mean": 0.16256429675912776,
    "top5_random_std": 0.02091181499318896,
    "bal_acc_random_mean": 0.035868255810000825,
    "bal_acc_random_std": 0.006822632351860349
  },
  "retrieval": {
    "prec@1_tokens": 0.037211260414867726,
    "prec@5_tokens": 0.035738838860870425,
    "prec@1_random": 0.03551216238943712,
    "prec@5_random": 0.039084287934064925,
    "prec@1_raw": 0.03774527127869451,
    "prec@5_raw": 0.0392321752765411,
    "prec@1_tokens_jaccard": 0.034543027376725224,
    "prec@5_tokens_jaccard": 0.03824012784743066
  }
}