{
  "reconstruction": {
    "mse": 0.29284875452200854,
    "channel_corr_mean": 0.8589825511613917,
    "psd_mse": 412460.1944937833
  },
  "codebook": {
    "perplexity": 493.4166813555444,
    "codes_used": 512.0,
    "codebook_size": 512.0,
    "utilization": 1.0,
    "dead_code_fraction": 0.0,
    "entropy_nats": 6.201354012513499
  },
  "sequence": {
    "unigram_entropy": 6.201354012513499,
    "bigram_conditional_entropy": 5.668447140560395,
    "entropy_gap_pct": 8.593395424253632,
    "mean_run_length": 1.0018806201969992,
    "frac_runs_ge_2": 0.6101243339253997,
    "max_possible_entropy": 6.238324625039508
  },
  "probe": {
    "top1_tokens_all_mean": 0.8126175024582104,
    "top1_tokens_all_std": 0.01045376380534381,
    "top5_tokens_all_mean": 1.0,
    "top5_tokens_all_std": 0.0,
    "bal_acc_tokens_all_mean": 0.5055674349949872,
    "bal_acc_tokens_all_std": 0.01743018019521637,
    "top1_tokens_rvq0_mean": 0.7913156342182891,
    "top1_tokens_rvq0_std": 0.017176134407071945,
    "top5_tokens_rvq0_mean": 1.0,
    "top5_tokens_rvq0_std": 0.0,
    "bal_acc_tokens_rvq0_mean": 0.5142953665517004,
    "bal_acc_tokens_rvq0_std": 0.024547621478511496,
    "top1_raw_mean": 0.7673392330383481,
    "top1_raw_std": 0.037867759101721785,
    "top5_raw_mean": 1.0,
    "top5_raw_std": 0.0,
    "bal_acc_raw_mean": 0.5885906795115027,
    "bal_acc_raw_std": 0.053362374875379336,
    "top1_random_mean": 0.8294906588003933,
    "top1_random_std": 0.0090700127301834,
    "top5_random_mean": 1.0,
    "top5_random_std": 0.0,
    "bal_acc_random_mean": 0.4981128091635354,
    "bal_acc_random_std": 0.017796627985504312
  },
  "retrieval": {
    "prec@1_tokens": 0.48357740585774056,
    "prec@5_tokens": 0.49263475264582823,
    "prec@1_random": 0.5001784395766675,
    "prec@5_random": 0.5080728525719912,
    "prec@1_raw": 0.5067807039133645,
    "prec@5_raw": 0.5141927147428009,
    "prec@1_tokens_jaccard": 0.5048855525473788,
    "prec@5_tokens_jaccard": 0.5040475018459266
  }
}