{
  "reconstruction": {
    "mse": 1.1301672723294254,
    "channel_corr_mean": 0.8699270857430492,
    "psd_mse": 34773703.01125012
  },
  "codebook": {
    "perplexity": 493.55548667655734,
    "codes_used": 512.0,
    "codebook_size": 512.0,
    "utilization": 1.0,
    "dead_code_fraction": 0.0,
    "entropy_nats": 6.201635287561416
  },
  "sequence": {
    "unigram_entropy": 6.201635287561416,
    "bigram_conditional_entropy": 5.91579210125345,
    "entropy_gap_pct": 4.609158279289339,
    "mean_run_length": 1.0019364955887866,
    "frac_runs_ge_2": 0.6303308090872858,
    "max_possible_entropy": 6.238324625039508
  },
  "probe": {
    "top1_tokens_all_mean": 0.9739932149826206,
    "top1_tokens_all_std": 0.003585711280481633,
    "top5_tokens_all_mean": 1.0,
    "top5_tokens_all_std": 0.0,
    "bal_acc_tokens_all_mean": 0.9740305827788618,
    "bal_acc_tokens_all_std": 0.003467087653733615,
    "top1_tokens_rvq0_mean": 0.9212836744700321,
    "top1_tokens_rvq0_std": 0.005255511146844005,
    "top5_tokens_rvq0_mean": 1.0,
    "top5_tokens_rvq0_std": 0.0,
    "bal_acc_tokens_rvq0_mean": 0.9213896725979437,
    "bal_acc_tokens_rvq0_std": 0.005081247618146636,
    "top1_raw_mean": 0.9801707470069895,
    "top1_raw_std": 0.004977229133604258,
    "top5_raw_mean": 1.0,
    "top5_raw_std": 0.0,
    "bal_acc_raw_mean": 0.980002760049621,
    "bal_acc_raw_std": 0.005082233677453843,
    "top1_random_mean": 0.2541845076098198,
    "top1_random_std": 0.007491692847361964,
    "top5_random_mean": 1.0,
    "top5_random_std": 0.0,
    "bal_acc_random_mean": 0.2546445358628501,
    "bal_acc_random_std": 0.007347167169859478
  },
  "retrieval": {
    "prec@1_tokens": 0.4906380161227917,
    "prec@5_tokens": 0.46137789354973474,
    "prec@1_random": 0.24338112499140255,
    "prec@5_random": 0.25058153629130936,
    "prec@1_raw": 0.6493052296259051,
    "prec@5_raw": 0.6014688264084526,
    "prec@1_tokens_jaccard": 0.36607468622369804,
    "prec@5_tokens_jaccard": 0.35980638858105385
  }
}