{
  "reconstruction": {
    "mse": 0.29284875452200854,
    "channel_corr_mean": 0.8589825511613917,
    "psd_mse": 412460.1944937833
  },
  "codebook": {
    "perplexity": 493.4166813555444,
    "codes_used": 512.0,
    "codebook_size": 512.0,
    "utilization": 1.0,
    "dead_code_fraction": 0.0,
    "entropy_nats": 6.201354012513499
  },
  "sequence": {
    "unigram_entropy": 6.201354012513499,
    "bigram_conditional_entropy": 5.668447140560395,
    "entropy_gap_pct": 8.593395424253632,
    "mean_run_length": 1.0018806201969992,
    "frac_runs_ge_2": 0.6101243339253997,
    "max_possible_entropy": 6.238324625039508
  },
  "probe": {
    "top1_tokens_all_mean": 0.03285742379547689,
    "top1_tokens_all_std": 0.014933353927176362,
    "top5_tokens_all_mean": 0.17671189773844642,
    "top5_tokens_all_std": 0.019469624455723637,
    "bal_acc_tokens_all_mean": 0.044378693647699495,
    "bal_acc_tokens_all_std": 0.012075276062457898,
    "top1_tokens_rvq0_mean": 0.03109931170108161,
    "top1_tokens_rvq0_std": 0.016939447081895508,
    "top5_tokens_rvq0_mean": 0.1545093411996067,
    "top5_tokens_rvq0_std": 0.02319901580812238,
    "bal_acc_tokens_rvq0_mean": 0.04012266334488556,
    "bal_acc_tokens_rvq0_std": 0.025527580344754858,
    "top1_raw_mean": 0.07638151425762045,
    "top1_raw_std": 0.013141945139574037,
    "top5_raw_mean": 0.30013765978367746,
    "top5_raw_std": 0.031748746041261586,
    "bal_acc_raw_mean": 0.045141176120850626,
    "bal_acc_raw_std": 0.0077883600860572146,
    "top1_random_mean": 0.021313667649950834,
    "top1_random_std": 0.005791241584536685,
    "top5_random_mean": 0.15009636184857425,
    "top5_random_std": 0.015287495633763725,
    "bal_acc_random_mean": 0.0305065438071974,
    "bal_acc_random_std": 0.010032822372966193
  },
  "retrieval": {
    "prec@1_tokens": 0.03247715686746223,
    "prec@5_tokens": 0.03277309318238167,
    "prec@1_random": 0.041714426239796105,
    "prec@5_random": 0.03997753941168803,
    "prec@1_raw": 0.042376344272658795,
    "prec@5_raw": 0.0437384295690577,
    "prec@1_tokens_jaccard": 0.04474249985978647,
    "prec@5_tokens_jaccard": 0.03909263615666555
  }
}