{
  "reconstruction": {
    "mse": 1.1301672723294254,
    "channel_corr_mean": 0.8699270857430492,
    "psd_mse": 34773703.01125012
  },
  "codebook": {
    "perplexity": 493.55548667655734,
    "codes_used": 512.0,
    "codebook_size": 512.0,
    "utilization": 1.0,
    "dead_code_fraction": 0.0,
    "entropy_nats": 6.201635287561416
  },
  "sequence": {
    "unigram_entropy": 6.201635287561416,
    "bigram_conditional_entropy": 5.91579210125345,
    "entropy_gap_pct": 4.609158279289339,
    "mean_run_length": 1.0019364955887866,
    "frac_runs_ge_2": 0.6303308090872858,
    "max_possible_entropy": 6.238324625039508
  },
  "probe": {
    "top1_tokens_all_mean": 0.6929064013006271,
    "top1_tokens_all_std": 0.012521419279267221,
    "top5_tokens_all_mean": 1.0,
    "top5_tokens_all_std": 0.0,
    "bal_acc_tokens_all_mean": 0.6925664003901054,
    "bal_acc_tokens_all_std": 0.010020417620297588,
    "top1_tokens_rvq0_mean": 0.5222207830362655,
    "top1_tokens_rvq0_std": 0.014063385026387336,
    "top5_tokens_rvq0_mean": 1.0,
    "top5_tokens_rvq0_std": 0.0,
    "bal_acc_tokens_rvq0_mean": 0.5224319993387838,
    "bal_acc_tokens_rvq0_std": 0.010603173635979627,
    "top1_raw_mean": 0.9539659498528059,
    "top1_raw_std": 0.00392925916819146,
    "top5_raw_mean": 1.0,
    "top5_raw_std": 0.0,
    "bal_acc_raw_mean": 0.9539252423213381,
    "bal_acc_raw_std": 0.004103839195400783,
    "top1_random_mean": 0.2535867987938629,
    "top1_random_std": 0.01267122907166973,
    "top5_random_mean": 1.0,
    "top5_random_std": 0.0,
    "bal_acc_random_mean": 0.2527289745450864,
    "bal_acc_random_std": 0.012168614270382466
  },
  "retrieval": {
    "prec@1_tokens": 0.4906380161227917,
    "prec@5_tokens": 0.46137789354973474,
    "prec@1_random": 0.24338112499140255,
    "prec@5_random": 0.25058153629130936,
    "prec@1_raw": 0.6493052296259051,
    "prec@5_raw": 0.6014688264084526,
    "prec@1_tokens_jaccard": 0.36607468622369804,
    "prec@5_tokens_jaccard": 0.35980638858105385
  }
}