{
  "reconstruction": {
    "mse": 4.345730546951294,
    "channel_corr_mean": 0.3449556566874186,
    "psd_mse": 187607469.13033333
  },
  "codebook": {
    "perplexity": 443.25654871555054,
    "codes_used": 512.0,
    "codebook_size": 512.0,
    "utilization": 1.0,
    "dead_code_fraction": 0.0,
    "entropy_nats": 6.094148719161141
  },
  "sequence": {
    "unigram_entropy": 6.094148719161141,
    "bigram_conditional_entropy": 5.503352500448166,
    "entropy_gap_pct": 9.694483117148115,
    "mean_run_length": 1.001677813542577,
    "frac_runs_ge_2": 0.5816666666666667,
    "max_possible_entropy": 6.238324625039508
  },
  "probe": {
    "top1_tokens": 0.0016666666666666668,
    "top5_tokens": 0.02666666666666667,
    "top1_raw": 0.0033333333333333335,
    "top5_raw": 0.005,
    "top1_random": 0.0016666666666666668,
    "top5_random": 0.021666666666666667
  }
}