{
  "reconstruction": {
    "mse": 1.0055282711982727,
    "channel_corr_mean": 0.005237399716861546,
    "psd_mse": 18432.54736328125
  },
  "codebook": {
    "perplexity": 189.11160151645038,
    "codes_used": 473.0,
    "codebook_size": 512.0,
    "utilization": 0.923828125,
    "dead_code_fraction": 0.076171875,
    "entropy_nats": 5.24233732500646
  },
  "probe": {
    "top1_tokens": 0.0,
    "top5_tokens": 0.16666666666666666,
    "top1_raw": 0.0,
    "top5_raw": 0.0,
    "top1_random": 0.0,
    "top5_random": 0.0
  },
  "sequence": {
    "unigram_entropy": 5.24233732500646,
    "bigram_conditional_entropy": 1.9906708405432272,
    "entropy_gap_pct": 62.02703647002009,
    "mean_run_length": 1.0015916997366539,
    "frac_runs_ge_2": 0.625,
    "max_possible_entropy": 6.238324625039508
  }
}