{
  "reconstruction": {
    "mse": 0.781987508975076,
    "channel_corr_mean": 0.9982791576173233,
    "psd_mse": 648656840.2733506
  },
  "codebook": {
    "perplexity": 193.72297880704292,
    "codes_used": 256.0,
    "codebook_size": 256.0,
    "utilization": 1.0,
    "dead_code_fraction": 0.0,
    "entropy_nats": 5.2664291942857036
  },
  "sequence": {
    "unigram_entropy": 5.2664291942857036,
    "bigram_conditional_entropy": 4.058832488824137,
    "entropy_gap_pct": 22.9300852800197,
    "mean_run_length": 1.058200583754426,
    "frac_runs_ge_2": 1.0,
    "max_possible_entropy": 5.545177444479562
  },
  "probe": {
    "top1_tokens_all_mean": 0.08644640095932342,
    "top1_tokens_all_std": 0.008488320376590744,
    "top5_tokens_all_mean": 0.3221366246962668,
    "top5_tokens_all_std": 0.010623566824177172,
    "bal_acc_tokens_all_mean": 0.04961625469108958,
    "bal_acc_tokens_all_std": 0.00575088217088846,
    "top1_tokens_rvq0_mean": 0.08644640095932342,
    "top1_tokens_rvq0_std": 0.008488320376590744,
    "top5_tokens_rvq0_mean": 0.3221366246962668,
    "top5_tokens_rvq0_std": 0.010623566824177172,
    "bal_acc_tokens_rvq0_mean": 0.04961625469108958,
    "bal_acc_tokens_rvq0_std": 0.00575088217088846,
    "top1_raw_mean": 0.0924074600018934,
    "top1_raw_std": 0.0042432105471048405,
    "top5_raw_mean": 0.3211406166177538,
    "top5_raw_std": 0.022834913867024038,
    "bal_acc_raw_mean": 0.05157983851853763,
    "bal_acc_raw_std": 0.0020773590651689427,
    "top1_random_mean": 0.03397985105241566,
    "top1_random_std": 0.008802956436296989,
    "top5_random_mean": 0.17706341317176305,
    "top5_random_std": 0.01155371488813787,
    "bal_acc_random_mean": 0.03767669481229022,
    "bal_acc_random_std": 0.012971727670319561
  },
  "retrieval": {
    "prec@1_tokens": 0.037590531100393426,
    "prec@5_tokens": 0.041230781838849505,
    "prec@1_random": 0.03823265697480127,
    "prec@5_random": 0.037905294897729785,
    "prec@1_raw": 0.03774527127869451,
    "prec@5_raw": 0.0392321752765411
  }
}