{
  "reconstruction": {
    "mse": 0.30127893380331106,
    "channel_corr_mean": 0.8564024864039244,
    "psd_mse": 418759.0469582593
  },
  "codebook": {
    "perplexity": 482.5905037633489,
    "codes_used": 512.0,
    "codebook_size": 512.0,
    "utilization": 1.0,
    "dead_code_fraction": 0.0,
    "entropy_nats": 6.179168475756033
  },
  "sequence": {
    "unigram_entropy": 6.179168475756033,
    "bigram_conditional_entropy": 5.546666920204158,
    "entropy_gap_pct": 10.236030269015874,
    "mean_run_length": 1.0018228567635454,
    "frac_runs_ge_2": 0.6136767317939609,
    "max_possible_entropy": 6.238324625039508
  },
  "probe": {
    "top1_tokens_all_mean": 0.033734513274336284,
    "top1_tokens_all_std": 0.016758402611588036,
    "top5_tokens_all_mean": 0.17583480825958703,
    "top5_tokens_all_std": 0.03145332375745692,
    "bal_acc_tokens_all_mean": 0.02878715153022117,
    "bal_acc_tokens_all_std": 0.01804431047724898,
    "top1_tokens_rvq0_mean": 0.031091445427728612,
    "top1_tokens_rvq0_std": 0.007058446353920595,
    "top5_tokens_rvq0_mean": 0.17495771878072763,
    "top5_tokens_rvq0_std": 0.018507506174183064,
    "bal_acc_tokens_rvq0_mean": 0.03239854005643479,
    "bal_acc_tokens_rvq0_std": 0.013185166316936829,
    "top1_raw_mean": 0.10300098328416912,
    "top1_raw_std": 0.01363055739356858,
    "top5_raw_mean": 0.3587964601769911,
    "top5_raw_std": 0.01770354145457946,
    "bal_acc_raw_mean": 0.06008525988953139,
    "bal_acc_raw_std": 0.023721551805389977,
    "top1_random_mean": 0.044397246804326454,
    "top1_random_std": 0.018564517607112124,
    "top5_random_mean": 0.21938643067846608,
    "top5_random_std": 0.03935682656799714,
    "bal_acc_random_mean": 0.04016674187513896,
    "bal_acc_random_std": 0.02240304940924011
  }
}