{
  "reconstruction": {
    "mse": 0.30127893480907325,
    "channel_corr_mean": 0.8564024864039244,
    "psd_mse": 418759.0469582593
  },
  "codebook": {
    "perplexity": 482.5905037633489,
    "codes_used": 512.0,
    "codebook_size": 512.0,
    "utilization": 1.0,
    "dead_code_fraction": 0.0,
    "entropy_nats": 6.179168475756033
  },
  "sequence": {
    "unigram_entropy": 6.179168475756033,
    "bigram_conditional_entropy": 5.546666920204158,
    "entropy_gap_pct": 10.236030269015874,
    "mean_run_length": 1.0018228567635454,
    "frac_runs_ge_2": 0.6136767317939609,
    "max_possible_entropy": 6.238324625039508
  },
  "probe": {
    "top1_tokens_all_mean": 0.09324287118977384,
    "top1_tokens_all_std": 0.018539408283057158,
    "top5_tokens_all_mean": 0.30638348082595873,
    "top5_tokens_all_std": 0.03875658078558271,
    "bal_acc_tokens_all_mean": 0.04650302488858649,
    "bal_acc_tokens_all_std": 0.013062449500983618,
    "top1_tokens_rvq0_mean": 0.08522713864306784,
    "top1_tokens_rvq0_std": 0.021653580260460825,
    "top5_tokens_rvq0_mean": 0.30195083579154375,
    "top5_tokens_rvq0_std": 0.035795299488514065,
    "bal_acc_tokens_rvq0_mean": 0.04068902161772522,
    "bal_acc_tokens_rvq0_std": 0.008219985145312659,
    "top1_raw_mean": 0.09057620452310718,
    "top1_raw_std": 0.013820557626113584,
    "top5_raw_mean": 0.30461356932153394,
    "top5_raw_std": 0.02292332810794941,
    "bal_acc_raw_mean": 0.04784640661944554,
    "bal_acc_raw_std": 0.0147126164404965,
    "top1_random_mean": 0.07725467059980334,
    "top1_random_std": 0.02501812559541054,
    "top5_random_mean": 0.27885152409046216,
    "top5_random_std": 0.019751443290333827,
    "bal_acc_random_mean": 0.03653077256484016,
    "bal_acc_random_std": 0.012417914810545756
  },
  "retrieval": {
    "prec@1_tokens": 0.03977031907633531,
    "prec@5_tokens": 0.037189806448375114,
    "prec@1_raw": 0.042376344272658795,
    "prec@5_raw": 0.0437384295690577,
    "prec@1_random": 0.03722936769858621,
    "prec@5_random": 0.03838819584247416,
    "prec@1_tokens_jaccard": 0.04506229504093784,
    "prec@5_tokens_jaccard": 0.039296427053426834
  }
}