{
  "reconstruction": {
    "mse": 0.30127893380331106,
    "channel_corr_mean": 0.8564024864039244,
    "psd_mse": 418759.0469582593
  },
  "codebook": {
    "perplexity": 482.5905037633489,
    "codes_used": 512.0,
    "codebook_size": 512.0,
    "utilization": 1.0,
    "dead_code_fraction": 0.0,
    "entropy_nats": 6.179168475756033
  },
  "sequence": {
    "unigram_entropy": 6.179168475756033,
    "bigram_conditional_entropy": 5.546666920204158,
    "entropy_gap_pct": 10.236030269015874,
    "mean_run_length": 1.0018228567635454,
    "frac_runs_ge_2": 0.6136767317939609,
    "max_possible_entropy": 6.238324625039508
  },
  "probe": {
    "top1_tokens_all_mean": 0.5409046214355949,
    "top1_tokens_all_std": 0.04418440560442283,
    "top5_tokens_all_mean": 1.0,
    "top5_tokens_all_std": 0.0,
    "bal_acc_tokens_all_mean": 0.48481174947975314,
    "bal_acc_tokens_all_std": 0.04584310496475859,
    "top1_tokens_rvq0_mean": 0.5417895771878073,
    "top1_tokens_rvq0_std": 0.042156143463749136,
    "top5_tokens_rvq0_mean": 1.0,
    "top5_tokens_rvq0_std": 0.0,
    "bal_acc_tokens_rvq0_mean": 0.5086876684924031,
    "bal_acc_tokens_rvq0_std": 0.07307689522918782,
    "top1_raw_mean": 0.7948711897738446,
    "top1_raw_std": 0.022241472331578416,
    "top5_raw_mean": 1.0,
    "top5_raw_std": 0.0,
    "bal_acc_raw_mean": 0.6106627958403705,
    "bal_acc_raw_std": 0.03371350193841437,
    "top1_random_mean": 0.6447315634218289,
    "top1_random_std": 0.04113246242353839,
    "top5_random_mean": 1.0,
    "top5_random_std": 0.0,
    "bal_acc_random_mean": 0.4815941914253539,
    "bal_acc_random_std": 0.042907900450184375
  }
}