{
  "reconstruction": {
    "mse": 0.30127893380331106,
    "channel_corr_mean": 0.8564024864039244,
    "psd_mse": 418759.0469582593
  },
  "codebook": {
    "perplexity": 482.5905037633489,
    "codes_used": 512.0,
    "codebook_size": 512.0,
    "utilization": 1.0,
    "dead_code_fraction": 0.0,
    "entropy_nats": 6.179168475756033
  },
  "sequence": {
    "unigram_entropy": 6.179168475756033,
    "bigram_conditional_entropy": 5.546666920204158,
    "entropy_gap_pct": 10.236030269015874,
    "mean_run_length": 1.0018228567635454,
    "frac_runs_ge_2": 0.6136767317939609,
    "max_possible_entropy": 6.238324625039508
  },
  "probe": {
    "top1_tokens_all_mean": 0.8144110127826942,
    "top1_tokens_all_std": 0.021105550037212092,
    "top5_tokens_all_mean": 1.0,
    "top5_tokens_all_std": 0.0,
    "bal_acc_tokens_all_mean": 0.522335281982391,
    "bal_acc_tokens_all_std": 0.016656444123987327,
    "top1_tokens_rvq0_mean": 0.7850816125860374,
    "top1_tokens_rvq0_std": 0.012368304715830301,
    "top5_tokens_rvq0_mean": 1.0,
    "top5_tokens_rvq0_std": 0.0,
    "bal_acc_tokens_rvq0_mean": 0.5140068559371113,
    "bal_acc_tokens_rvq0_std": 0.003328483021298555,
    "top1_raw_mean": 0.7673392330383481,
    "top1_raw_std": 0.037867759101721785,
    "top5_raw_mean": 1.0,
    "top5_raw_std": 0.0,
    "bal_acc_raw_mean": 0.5885906795115027,
    "bal_acc_raw_std": 0.053362374875379336,
    "top1_random_mean": 0.8303716814159292,
    "top1_random_std": 0.013858165826186871,
    "top5_random_mean": 1.0,
    "top5_random_std": 0.0,
    "bal_acc_random_mean": 0.509257606521353,
    "bal_acc_random_std": 0.02501918384286056
  },
  "retrieval": {
    "prec@1_tokens": 0.48638936746246614,
    "prec@5_tokens": 0.5070686684715727,
    "prec@1_random": 0.5259968003937977,
    "prec@5_random": 0.5082574452375093,
    "prec@1_raw": 0.5067807039133645,
    "prec@5_raw": 0.5141927147428009,
    "prec@1_tokens_jaccard": 0.48573098695545164,
    "prec@5_tokens_jaccard": 0.4944499138567561
  }
}