{
  "reconstruction": {
    "mse": 0.30127893380331106,
    "channel_corr_mean": 0.8564024864039244,
    "psd_mse": 418759.0469582593
  },
  "codebook": {
    "perplexity": 482.5905037633489,
    "codes_used": 512.0,
    "codebook_size": 512.0,
    "utilization": 1.0,
    "dead_code_fraction": 0.0,
    "entropy_nats": 6.179168475756033
  },
  "sequence": {
    "unigram_entropy": 6.179168475756033,
    "bigram_conditional_entropy": 5.546666920204158,
    "entropy_gap_pct": 10.236030269015874,
    "mean_run_length": 1.0018228567635454,
    "frac_runs_ge_2": 0.6136767317939609,
    "max_possible_entropy": 6.238324625039508
  },
  "probe": {
    "top1_tokens_all_mean": 0.5409046214355949,
    "top1_tokens_all_std": 0.04418440560442283,
    "top5_tokens_all_mean": 1.0,
    "top5_tokens_all_std": 0.0,
    "bal_acc_tokens_all_mean": 0.48481174947975314,
    "bal_acc_tokens_all_std": 0.04584310496475859,
    "top1_tokens_rvq0_mean": 0.5417895771878073,
    "top1_tokens_rvq0_std": 0.042156143463749136,
    "top5_tokens_rvq0_mean": 1.0,
    "top5_tokens_rvq0_std": 0.0,
    "bal_acc_tokens_rvq0_mean": 0.5086876684924031,
    "bal_acc_tokens_rvq0_std": 0.07307689522918782,
    "top1_raw_mean": 0.7948711897738446,
    "top1_raw_std": 0.022241472331578416,
    "top5_raw_mean": 1.0,
    "top5_raw_std": 0.0,
    "bal_acc_raw_mean": 0.6106627958403705,
    "bal_acc_raw_std": 0.03371350193841437,
    "top1_random_mean": 0.5195437561455261,
    "top1_random_std": 0.03686728343921797,
    "top5_random_mean": 1.0,
    "top5_random_std": 0.0,
    "bal_acc_random_mean": 0.4702112739535566,
    "bal_acc_random_std": 0.026854223591958177
  },
  "retrieval": {
    "prec@1_tokens": 0.48638936746246614,
    "prec@5_tokens": 0.5070686684715727,
    "prec@1_random": 0.5259968003937977,
    "prec@5_random": 0.5082574452375093,
    "prec@1_raw": 0.5067807039133645,
    "prec@5_raw": 0.5141927147428009,
    "prec@1_tokens_jaccard": 0.48573098695545164,
    "prec@5_tokens_jaccard": 0.4944499138567561
  }
}