{
  "reconstruction": {
    "mse": 0.9991541058123111,
    "channel_corr_mean": 0.9982368901570638,
    "psd_mse": 1011931982.6799583
  },
  "codebook": {
    "perplexity": 193.88322106665524,
    "codes_used": 256.0,
    "codebook_size": 256.0,
    "utilization": 1.0,
    "dead_code_fraction": 0.0,
    "entropy_nats": 5.26725602455206
  },
  "sequence": {
    "unigram_entropy": 5.26725602455206,
    "bigram_conditional_entropy": 4.059731238220893,
    "entropy_gap_pct": 22.92512041758702,
    "mean_run_length": 1.0585951608847244,
    "frac_runs_ge_2": 1.0,
    "max_possible_entropy": 5.545177444479562
  },
  "probe": {
    "top1_tokens": 0.0016666666666666668,
    "top5_tokens": 0.02,
    "top1_raw": 0.0033333333333333335,
    "top5_raw": 0.005,
    "top1_random": 0.0016666666666666668,
    "top5_random": 0.021666666666666667
  }
}