{
  "reconstruction": {
    "mse": 0.781987508975076,
    "channel_corr_mean": 0.9982791576173233,
    "psd_mse": 648656840.2733506
  },
  "codebook": {
    "perplexity": 193.72297880704292,
    "codes_used": 256.0,
    "codebook_size": 256.0,
    "utilization": 1.0,
    "dead_code_fraction": 0.0,
    "entropy_nats": 5.2664291942857036
  },
  "sequence": {
    "unigram_entropy": 5.2664291942857036,
    "bigram_conditional_entropy": 4.058832488824137,
    "entropy_gap_pct": 22.9300852800197,
    "mean_run_length": 1.058200583754426,
    "frac_runs_ge_2": 1.0,
    "max_possible_entropy": 5.545177444479562
  },
  "probe": {
    "top1_tokens_mean": 0.02404580453785225,
    "top1_tokens_std": 0.002369196415242384,
    "top5_tokens_mean": 0.14944302439332258,
    "top5_tokens_std": 0.010237937459500664,
    "bal_acc_tokens_mean": 0.03571131485285975,
    "bal_acc_tokens_std": 0.0047426121135211675,
    "top1_raw_mean": 0.0924074600018934,
    "top1_raw_std": 0.0042432105471048405,
    "top5_raw_mean": 0.3211406166177538,
    "top5_raw_std": 0.022834913867024038,
    "bal_acc_raw_mean": 0.05157983851853763,
    "bal_acc_raw_std": 0.0020773590651689427,
    "top1_random_mean": 0.029611221559531695,
    "top1_random_std": 0.004528115849686172,
    "top5_random_mean": 0.1681261636530026,
    "top5_random_std": 0.008170902103170117,
    "bal_acc_random_mean": 0.04224790765425277,
    "bal_acc_random_std": 0.007762264024797789
  }
}