{
  "reconstruction": {
    "mse": 0.7962157225860643,
    "channel_corr_mean": 0.9982417914296299,
    "psd_mse": 542565317.4836339
  },
  "codebook": {
    "perplexity": 193.7655051470285,
    "codes_used": 256.0,
    "codebook_size": 256.0,
    "utilization": 1.0,
    "dead_code_fraction": 0.0,
    "entropy_nats": 5.26664869159681
  },
  "sequence": {
    "unigram_entropy": 5.26664869159681,
    "bigram_conditional_entropy": 4.056820870189852,
    "entropy_gap_pct": 22.971492731939694,
    "mean_run_length": 1.058655368316085,
    "frac_runs_ge_2": 1.0,
    "max_possible_entropy": 5.545177444479562
  },
  "probe": {
    "top1_tokens": 0.002491280518186348,
    "top5_tokens": 0.019930244145490782,
    "top1_raw": 0.004484304932735426,
    "top5_raw": 0.012954658694569007,
    "top1_random": 0.003986048829098156,
    "top5_random": 0.02192326856003986
  }
}