{
  "reconstruction": {
    "mse": 1.069547510772517,
    "channel_corr_mean": 0.8698740584482638,
    "psd_mse": 27748961.118814588
  },
  "codebook": {
    "perplexity": 493.5556567214904,
    "codes_used": 512.0,
    "codebook_size": 512.0,
    "utilization": 1.0,
    "dead_code_fraction": 0.0,
    "entropy_nats": 6.201635632091886
  },
  "sequence": {
    "unigram_entropy": 6.201635632091886,
    "bigram_conditional_entropy": 5.889095191524399,
    "entropy_gap_pct": 5.039645330824816,
    "mean_run_length": 1.0019275702327992,
    "frac_runs_ge_2": 0.6291732909379968,
    "max_possible_entropy": 6.238324625039508
  },
  "probe": {
    "top1_tokens_all_mean": 0.7748422165420177,
    "top1_tokens_all_std": 0.005219005695977097,
    "top5_tokens_all_mean": 0.9999999999999999,
    "top5_tokens_all_std": 4.965068306494546e-17,
    "bal_acc_tokens_all_mean": 0.5161809583525053,
    "bal_acc_tokens_all_std": 0.019703340951021647,
    "top1_tokens_rvq0_mean": 0.7706645050332922,
    "top1_tokens_rvq0_std": 0.00937585752722353,
    "top5_tokens_rvq0_mean": 0.9999999999999999,
    "top5_tokens_rvq0_std": 4.965068306494546e-17,
    "bal_acc_tokens_rvq0_mean": 0.5117928962555752,
    "bal_acc_tokens_rvq0_std": 0.01334491624307456,
    "top1_raw_mean": 0.7734592445328031,
    "top1_raw_std": 0.018979316604509047,
    "top5_raw_mean": 0.9999999999999999,
    "top5_raw_std": 4.965068306494546e-17,
    "bal_acc_raw_mean": 0.520952266120337,
    "bal_acc_raw_std": 0.013324870041569322,
    "top1_random_mean": 0.7835818422796553,
    "top1_random_std": 0.0089936742327824,
    "top5_random_mean": 0.9999999999999999,
    "top5_random_std": 4.965068306494546e-17,
    "bal_acc_random_mean": 0.494967542970654,
    "bal_acc_random_std": 0.006142825781996917
  }
}