{
  "reconstruction": {
    "mse": 1.1301672723294254,
    "channel_corr_mean": 0.8699270857430492,
    "psd_mse": 34773703.01125012
  },
  "codebook": {
    "perplexity": 493.55548667655734,
    "codes_used": 512.0,
    "codebook_size": 512.0,
    "utilization": 1.0,
    "dead_code_fraction": 0.0,
    "entropy_nats": 6.201635287561416
  },
  "sequence": {
    "unigram_entropy": 6.201635287561416,
    "bigram_conditional_entropy": 5.91579210125345,
    "entropy_gap_pct": 4.609158279289339,
    "mean_run_length": 1.0019364955887866,
    "frac_runs_ge_2": 0.6303308090872858,
    "max_possible_entropy": 6.238324625039508
  },
  "probe": {
    "top1_tokens_all_mean": 0.6259465377156049,
    "top1_tokens_all_std": 0.01140426812255528,
    "top5_tokens_all_mean": 1.0,
    "top5_tokens_all_std": 0.0,
    "bal_acc_tokens_all_mean": 0.6260117803409283,
    "bal_acc_tokens_all_std": 0.009698620012546696,
    "top1_tokens_rvq0_mean": 0.4507777559418529,
    "top1_tokens_rvq0_std": 0.009148717846738772,
    "top5_tokens_rvq0_mean": 1.0,
    "top5_tokens_rvq0_std": 0.0,
    "bal_acc_tokens_rvq0_mean": 0.45091859382229615,
    "bal_acc_tokens_rvq0_std": 0.007200472571946399,
    "top1_raw_mean": 0.9383232391807954,
    "top1_raw_std": 0.009278931445296316,
    "top5_raw_mean": 1.0,
    "top5_raw_std": 0.0,
    "bal_acc_raw_mean": 0.9384666438824385,
    "bal_acc_raw_std": 0.009022077803901582,
    "top1_random_mean": 0.2525903858407923,
    "top1_random_std": 0.008909546695841226,
    "top5_random_mean": 1.0,
    "top5_random_std": 0.0,
    "bal_acc_random_mean": 0.25223750464702555,
    "bal_acc_random_std": 0.00916060019383103
  },
  "retrieval": {
    "prec@1_tokens": 0.5032881626145874,
    "prec@5_tokens": 0.4748704663212435,
    "prec@1_raw": 0.6589278597050618,
    "prec@5_raw": 0.6153049023515345,
    "prec@1_random": 0.2472100438421682,
    "prec@5_random": 0.2492227979274612,
    "prec@1_tokens_jaccard": 0.37664408130729377,
    "prec@5_tokens_jaccard": 0.3667596652052611
  }
}