{
  "reconstruction": {
    "mse": 1.1982184942563374,
    "channel_corr_mean": 0.8699246869087219,
    "psd_mse": 61342596.5309375
  },
  "codebook": {
    "perplexity": 493.512313737213,
    "codes_used": 512.0,
    "codebook_size": 512.0,
    "utilization": 1.0,
    "dead_code_fraction": 0.0,
    "entropy_nats": 6.2015478104107
  },
  "sequence": {
    "unigram_entropy": 6.2015478104107,
    "bigram_conditional_entropy": 5.851226929142997,
    "entropy_gap_pct": 5.648926557973324,
    "mean_run_length": 1.00193328164126,
    "frac_runs_ge_2": 0.628,
    "max_possible_entropy": 6.238324625039508
  },
  "probe": {
    "top1_tokens": 0.0,
    "top5_tokens": 0.021666666666666667,
    "top1_raw": 0.0033333333333333335,
    "top5_raw": 0.005,
    "top1_random": 0.0016666666666666668,
    "top5_random": 0.021666666666666667
  }
}