{
  "reconstruction": {
    "mse": 1.069547510772517,
    "channel_corr_mean": 0.8698740584482638,
    "psd_mse": 27748961.118814588
  },
  "codebook": {
    "perplexity": 493.5556567214904,
    "codes_used": 512.0,
    "codebook_size": 512.0,
    "utilization": 1.0,
    "dead_code_fraction": 0.0,
    "entropy_nats": 6.201635632091886
  },
  "sequence": {
    "unigram_entropy": 6.201635632091886,
    "bigram_conditional_entropy": 5.889095191524399,
    "entropy_gap_pct": 5.039645330824816,
    "mean_run_length": 1.0019275702327992,
    "frac_runs_ge_2": 0.6291732909379968,
    "max_possible_entropy": 6.238324625039508
  },
  "probe": {
    "top1_tokens_all_mean": 0.5721279466060778,
    "top1_tokens_all_std": 0.04035607606208546,
    "top5_tokens_all_mean": 0.9999999999999999,
    "top5_tokens_all_std": 4.965068306494546e-17,
    "bal_acc_tokens_all_mean": 0.5077216635936558,
    "bal_acc_tokens_all_std": 0.01965927329948492,
    "top1_tokens_rvq0_mean": 0.5578331597715295,
    "top1_tokens_rvq0_std": 0.029220403702710295,
    "top5_tokens_rvq0_mean": 0.9999999999999999,
    "top5_tokens_rvq0_std": 4.965068306494546e-17,
    "bal_acc_tokens_rvq0_mean": 0.5135471811170296,
    "bal_acc_tokens_rvq0_std": 0.008248535166582423,
    "top1_raw_mean": 0.7933214206822556,
    "top1_raw_std": 0.004461350380387994,
    "top5_raw_mean": 0.9999999999999999,
    "top5_raw_std": 4.965068306494546e-17,
    "bal_acc_raw_mean": 0.5789077519967699,
    "bal_acc_raw_std": 0.02055870975323018,
    "top1_random_mean": 0.6241949099056454,
    "top1_random_std": 0.028336525902563928,
    "top5_random_mean": 0.9999999999999999,
    "top5_random_std": 4.965068306494546e-17,
    "bal_acc_random_mean": 0.4985809608707126,
    "bal_acc_random_std": 0.02996207643858373
  }
}