{
  "reconstruction": {
    "mse": 0.29284875452200854,
    "channel_corr_mean": 0.8589825511613917,
    "psd_mse": 412460.1944937833
  },
  "codebook": {
    "perplexity": 493.4166813555444,
    "codes_used": 512.0,
    "codebook_size": 512.0,
    "utilization": 1.0,
    "dead_code_fraction": 0.0,
    "entropy_nats": 6.201354012513499
  },
  "sequence": {
    "unigram_entropy": 6.201354012513499,
    "bigram_conditional_entropy": 5.668447140560395,
    "entropy_gap_pct": 8.593395424253632,
    "mean_run_length": 1.0018806201969992,
    "frac_runs_ge_2": 0.6101243339253997,
    "max_possible_entropy": 6.238324625039508
  },
  "probe": {
    "top1_tokens_all_mean": 0.5532940019665683,
    "top1_tokens_all_std": 0.02907449414175695,
    "top5_tokens_all_mean": 1.0,
    "top5_tokens_all_std": 0.0,
    "bal_acc_tokens_all_mean": 0.49301986147747917,
    "bal_acc_tokens_all_std": 0.013766056628802247,
    "top1_tokens_rvq0_mean": 0.5106312684365781,
    "top1_tokens_rvq0_std": 0.02799255676913328,
    "top5_tokens_rvq0_mean": 1.0,
    "top5_tokens_rvq0_std": 0.0,
    "bal_acc_tokens_rvq0_mean": 0.4497842721560728,
    "bal_acc_tokens_rvq0_std": 0.03724750644564801,
    "top1_raw_mean": 0.7948711897738446,
    "top1_raw_std": 0.022241472331578416,
    "top5_raw_mean": 1.0,
    "top5_raw_std": 0.0,
    "bal_acc_raw_mean": 0.6106627958403705,
    "bal_acc_raw_std": 0.03371350193841437,
    "top1_random_mean": 0.6447315634218289,
    "top1_random_std": 0.04113246242353839,
    "top5_random_mean": 1.0,
    "top5_random_std": 0.0,
    "bal_acc_random_mean": 0.4815941914253539,
    "bal_acc_random_std": 0.042907900450184375
  },
  "retrieval": {
    "prec@1_tokens": 0.48357740585774056,
    "prec@5_tokens": 0.49263475264582823,
    "prec@1_raw": 0.5067807039133645,
    "prec@5_raw": 0.5141927147428009,
    "prec@1_random": 0.5117462466158011,
    "prec@5_random": 0.4988038395274428,
    "prec@1_tokens_jaccard": 0.5048855525473788,
    "prec@5_tokens_jaccard": 0.5040475018459266
  }
}