{
  "reconstruction": {
    "mse": 1.0695475115306048,
    "channel_corr_mean": 0.8698740584482638,
    "psd_mse": 27748961.118814588
  },
  "codebook": {
    "perplexity": 493.5556567214904,
    "codes_used": 512.0,
    "codebook_size": 512.0,
    "utilization": 1.0,
    "dead_code_fraction": 0.0,
    "entropy_nats": 6.201635632091886
  },
  "sequence": {
    "unigram_entropy": 6.201635632091886,
    "bigram_conditional_entropy": 5.889095191524399,
    "entropy_gap_pct": 5.039645330824816,
    "mean_run_length": 1.0019275702327992,
    "frac_runs_ge_2": 0.6291732909379968,
    "max_possible_entropy": 6.238324625039508
  },
  "probe": {
    "top1_tokens_all_mean": 0.02821838808419325,
    "top1_tokens_all_std": 0.005554231886044775,
    "top5_tokens_all_mean": 0.1685202278393133,
    "top5_tokens_all_std": 0.007967184907471517,
    "bal_acc_tokens_all_mean": 0.033541583574135406,
    "bal_acc_tokens_all_std": 0.00908436325104955,
    "top1_tokens_rvq0_mean": 0.029212818328126475,
    "top1_tokens_rvq0_std": 0.00333896183392405,
    "top5_tokens_rvq0_mean": 0.16534207453690553,
    "top5_tokens_rvq0_std": 0.008160032997709192,
    "bal_acc_tokens_rvq0_mean": 0.03424228323946999,
    "bal_acc_tokens_rvq0_std": 0.0038395650714952686,
    "top1_raw_mean": 0.0924074600018934,
    "top1_raw_std": 0.0042432105471048405,
    "top5_raw_mean": 0.3211406166177538,
    "top5_raw_std": 0.022834913867024038,
    "bal_acc_raw_mean": 0.05157983851853763,
    "bal_acc_raw_std": 0.0020773590651689427,
    "top1_random_mean": 0.0373611505569756,
    "top1_random_std": 0.009019093345315345,
    "top5_random_mean": 0.18959102527690994,
    "top5_random_std": 0.011534845461429931,
    "bal_acc_random_mean": 0.03635220502808195,
    "bal_acc_random_std": 0.007337771592797359
  },
  "retrieval": {
    "prec@1_tokens": 0.037134374282331316,
    "prec@5_tokens": 0.03585693269078312,
    "prec@1_raw": 0.037575754154237015,
    "prec@5_raw": 0.0393803047605557,
    "prec@1_random": 0.041076992792558754,
    "prec@5_random": 0.03535588531174075,
    "prec@1_tokens_jaccard": 0.03381449268185529,
    "prec@5_tokens_jaccard": 0.03809846886572915
  }
}