{
  "reconstruction": {
    "mse": 0.29284875452200854,
    "channel_corr_mean": 0.8589825511613917,
    "psd_mse": 412460.1944937833
  },
  "codebook": {
    "perplexity": 493.4166813555444,
    "codes_used": 512.0,
    "codebook_size": 512.0,
    "utilization": 1.0,
    "dead_code_fraction": 0.0,
    "entropy_nats": 6.201354012513499
  },
  "sequence": {
    "unigram_entropy": 6.201354012513499,
    "bigram_conditional_entropy": 5.668447140560395,
    "entropy_gap_pct": 8.593395424253632,
    "mean_run_length": 1.0018806201969992,
    "frac_runs_ge_2": 0.6101243339253997,
    "max_possible_entropy": 6.238324625039508
  },
  "probe": {
    "top1_tokens_all_mean": 0.0896912487708948,
    "top1_tokens_all_std": 0.01098981310168513,
    "top5_tokens_all_mean": 0.308188790560472,
    "top5_tokens_all_std": 0.03769907811336889,
    "bal_acc_tokens_all_mean": 0.040850012704922965,
    "bal_acc_tokens_all_std": 0.010331996727786797,
    "top1_tokens_rvq0_mean": 0.07904424778761063,
    "top1_tokens_rvq0_std": 0.011530931149990927,
    "top5_tokens_rvq0_mean": 0.2957836774827925,
    "top5_tokens_rvq0_std": 0.03434705932555767,
    "bal_acc_tokens_rvq0_mean": 0.04048916940538235,
    "bal_acc_tokens_rvq0_std": 0.0066063024252746875,
    "top1_raw_mean": 0.09057620452310718,
    "top1_raw_std": 0.013820557626113584,
    "top5_raw_mean": 0.30461356932153394,
    "top5_raw_std": 0.02292332810794941,
    "bal_acc_raw_mean": 0.04784640661944554,
    "bal_acc_raw_std": 0.0147126164404965,
    "top1_random_mean": 0.09502064896755162,
    "top1_random_std": 0.009130770652936314,
    "top5_random_mean": 0.284149459193707,
    "top5_random_std": 0.03629693855376701,
    "bal_acc_random_mean": 0.04402752419519913,
    "bal_acc_random_std": 0.012450122710118507
  }
}