{
  "reconstruction": {
    "mse": 1.069547510772517,
    "channel_corr_mean": 0.8698740584482638,
    "psd_mse": 27748961.118814588
  },
  "codebook": {
    "perplexity": 493.5556567214904,
    "codes_used": 512.0,
    "codebook_size": 512.0,
    "utilization": 1.0,
    "dead_code_fraction": 0.0,
    "entropy_nats": 6.201635632091886
  },
  "sequence": {
    "unigram_entropy": 6.201635632091886,
    "bigram_conditional_entropy": 5.889095191524399,
    "entropy_gap_pct": 5.039645330824816,
    "mean_run_length": 1.0019275702327992,
    "frac_runs_ge_2": 0.6291732909379968,
    "max_possible_entropy": 6.238324625039508
  },
  "probe": {
    "top1_tokens_all_mean": 0.531796127993941,
    "top1_tokens_all_std": 0.008549176979301111,
    "top5_tokens_all_mean": 0.9999999999999999,
    "top5_tokens_all_std": 4.965068306494546e-17,
    "bal_acc_tokens_all_mean": 0.5105108258902687,
    "bal_acc_tokens_all_std": 0.01775254241751677,
    "top1_tokens_rvq0_mean": 0.5405460096563476,
    "top1_tokens_rvq0_std": 0.009005230004694876,
    "top5_tokens_rvq0_mean": 0.9999999999999999,
    "top5_tokens_rvq0_std": 4.965068306494546e-17,
    "bal_acc_tokens_rvq0_mean": 0.5262968202413775,
    "bal_acc_tokens_rvq0_std": 0.015674937717262392,
    "top1_raw_mean": 0.7641078134368392,
    "top1_raw_std": 0.018539761619111368,
    "top5_raw_mean": 0.9999999999999999,
    "top5_raw_std": 4.965068306494546e-17,
    "bal_acc_raw_mean": 0.5776772531694142,
    "bal_acc_raw_std": 0.024587359364747815,
    "top1_random_mean": 0.579875114393007,
    "top1_random_std": 0.02294614844429518,
    "top5_random_mean": 0.9999999999999999,
    "top5_random_std": 4.965068306494546e-17,
    "bal_acc_random_mean": 0.4997222905466668,
    "bal_acc_random_std": 0.02242544282670846
  },
  "retrieval": {
    "prec@1_tokens": 0.5046672236554096,
    "prec@5_tokens": 0.5031943792995622,
    "prec@1_raw": 0.5017552474202627,
    "prec@5_raw": 0.5057496873045654,
    "prec@1_random": 0.4972431500156348,
    "prec@5_random": 0.49262038774233896,
    "prec@1_tokens_jaccard": 0.5110115208724202,
    "prec@5_tokens_jaccard": 0.5048177083333334
  }
}