{
  "reconstruction": {
    "mse": 1.1434614643760268,
    "channel_corr_mean": 0.8694764013956273,
    "psd_mse": 42114437.02357193
  },
  "codebook": {
    "perplexity": 493.71438195508625,
    "codes_used": 512.0,
    "codebook_size": 512.0,
    "utilization": 1.0,
    "dead_code_fraction": 0.0,
    "entropy_nats": 6.201957175800791
  },
  "sequence": {
    "unigram_entropy": 6.201957175800791,
    "bigram_conditional_entropy": 5.752066980452399,
    "entropy_gap_pct": 7.254003576545209,
    "mean_run_length": 1.001902227826216,
    "frac_runs_ge_2": 0.6254136333553938,
    "max_possible_entropy": 6.238324625039508
  },
  "probe": {
    "top1_tokens_all_mean": 0.11912880029724826,
    "top1_tokens_all_std": 0.005792737944608974,
    "top5_tokens_all_mean": 0.4109697724739361,
    "top5_tokens_all_std": 0.01673379914403326,
    "top1_tokens_rvq0_mean": 0.12640701156208337,
    "top1_tokens_rvq0_std": 0.009197723618752847,
    "top5_tokens_rvq0_mean": 0.41694096561974076,
    "top5_tokens_rvq0_std": 0.015819903337412983,
    "top1_raw_mean": 0.06353681725788474,
    "top1_raw_std": 0.0064005426628200805,
    "top5_raw_mean": 0.28655388717679714,
    "top5_raw_std": 0.027505105223095475,
    "top1_random_mean": 0.12640701156208337,
    "top1_random_std": 0.009197723618752847,
    "top5_random_mean": 0.4241929490962341,
    "top5_random_std": 0.030619787835157813
  }
}