{
  "reconstruction": {
    "mse": 0.29284875452200854,
    "channel_corr_mean": 0.8589825511613917,
    "psd_mse": 412460.1944937833
  },
  "codebook": {
    "perplexity": 493.4166813555444,
    "codes_used": 512.0,
    "codebook_size": 512.0,
    "utilization": 1.0,
    "dead_code_fraction": 0.0,
    "entropy_nats": 6.201354012513499
  },
  "sequence": {
    "unigram_entropy": 6.201354012513499,
    "bigram_conditional_entropy": 5.668447140560395,
    "entropy_gap_pct": 8.593395424253632,
    "mean_run_length": 1.0018806201969992,
    "frac_runs_ge_2": 0.6101243339253997,
    "max_possible_entropy": 6.238324625039508
  },
  "probe": {
    "top1_tokens_all_mean": 0.03285742379547689,
    "top1_tokens_all_std": 0.014933353927176362,
    "top5_tokens_all_mean": 0.17671189773844642,
    "top5_tokens_all_std": 0.019469624455723637,
    "bal_acc_tokens_all_mean": 0.044378693647699495,
    "bal_acc_tokens_all_std": 0.012075276062457898,
    "top1_tokens_rvq0_mean": 0.03109931170108161,
    "top1_tokens_rvq0_std": 0.016939447081895508,
    "top5_tokens_rvq0_mean": 0.1545093411996067,
    "top5_tokens_rvq0_std": 0.02319901580812238,
    "bal_acc_tokens_rvq0_mean": 0.04012266334488556,
    "bal_acc_tokens_rvq0_std": 0.025527580344754858,
    "top1_raw_mean": 0.07638151425762045,
    "top1_raw_std": 0.013141945139574037,
    "top5_raw_mean": 0.30013765978367746,
    "top5_raw_std": 0.031748746041261586,
    "bal_acc_raw_mean": 0.045141176120850626,
    "bal_acc_raw_std": 0.0077883600860572146,
    "top1_random_mean": 0.055071779744346114,
    "top1_random_std": 0.017414901476934825,
    "top5_random_mean": 0.33126843657817107,
    "top5_random_std": 0.015123703265232527,
    "bal_acc_random_mean": 0.04174254785163056,
    "bal_acc_random_std": 0.015474785768888544
  }
}