{
  "reconstruction": {
    "mse": 1.069547510772517,
    "channel_corr_mean": 0.8698740584482638,
    "psd_mse": 27748961.118814588
  },
  "codebook": {
    "perplexity": 493.5556567214904,
    "codes_used": 512.0,
    "codebook_size": 512.0,
    "utilization": 1.0,
    "dead_code_fraction": 0.0,
    "entropy_nats": 6.201635632091886
  },
  "sequence": {
    "unigram_entropy": 6.201635632091886,
    "bigram_conditional_entropy": 5.889095191524399,
    "entropy_gap_pct": 5.039645330824816,
    "mean_run_length": 1.0019275702327992,
    "frac_runs_ge_2": 0.6291732909379968,
    "max_possible_entropy": 6.238324625039508
  },
  "probe": {
    "top1_tokens_all_mean": 0.06578071255009624,
    "top1_tokens_all_std": 0.0064773739284375255,
    "top5_tokens_all_mean": 0.28835084729716937,
    "top5_tokens_all_std": 0.011305565178020087,
    "bal_acc_tokens_all_mean": 0.03550726469111387,
    "bal_acc_tokens_all_std": 0.005365292555659021,
    "top1_tokens_rvq0_mean": 0.047892801918646845,
    "top1_tokens_rvq0_std": 0.008203817905844533,
    "top5_tokens_rvq0_mean": 0.29730466407901796,
    "top5_tokens_rvq0_std": 0.017943262319731042,
    "bal_acc_tokens_rvq0_mean": 0.03765289516628074,
    "bal_acc_tokens_rvq0_std": 0.005296800084843825,
    "top1_raw_mean": 0.05464514500299788,
    "top1_raw_std": 0.00933159036895408,
    "top5_raw_mean": 0.32273501846066455,
    "top5_raw_std": 0.014644404137392694,
    "bal_acc_raw_mean": 0.04193587708716331,
    "bal_acc_raw_std": 0.008688081018733812,
    "top1_random_mean": 0.06140892738805263,
    "top1_random_std": 0.01013594785226519,
    "top5_random_mean": 0.2764287292120294,
    "top5_random_std": 0.014980926551423811,
    "bal_acc_random_mean": 0.03613682820374804,
    "bal_acc_random_std": 0.005154499516930253
  }
}