{
  "reconstruction": {
    "mse": 0.29284875452200854,
    "channel_corr_mean": 0.8589825511613917,
    "psd_mse": 412460.1944937833
  },
  "codebook": {
    "perplexity": 493.4166813555444,
    "codes_used": 512.0,
    "codebook_size": 512.0,
    "utilization": 1.0,
    "dead_code_fraction": 0.0,
    "entropy_nats": 6.201354012513499
  },
  "sequence": {
    "unigram_entropy": 6.201354012513499,
    "bigram_conditional_entropy": 5.668447140560395,
    "entropy_gap_pct": 8.593395424253632,
    "mean_run_length": 1.0018806201969992,
    "frac_runs_ge_2": 0.6101243339253997,
    "max_possible_entropy": 6.238324625039508
  },
  "probe": {
    "top1_tokens_all_mean": 0.5728574237954769,
    "top1_tokens_all_std": 0.046761580341301644,
    "top5_tokens_all_mean": 1.0,
    "top5_tokens_all_std": 0.0,
    "bal_acc_tokens_all_mean": 0.5030417127024934,
    "bal_acc_tokens_all_std": 0.017611724616287662,
    "top1_tokens_rvq0_mean": 0.47511111111111115,
    "top1_tokens_rvq0_std": 0.054803802697654634,
    "top5_tokens_rvq0_mean": 1.0,
    "top5_tokens_rvq0_std": 0.0,
    "bal_acc_tokens_rvq0_mean": 0.4682085181905334,
    "bal_acc_tokens_rvq0_std": 0.02848115295240634,
    "top1_raw_mean": 0.8099587020648967,
    "top1_raw_std": 0.023885579915570998,
    "top5_raw_mean": 1.0,
    "top5_raw_std": 0.0,
    "bal_acc_raw_mean": 0.6376005813785386,
    "bal_acc_raw_std": 0.021405626994818298,
    "top1_random_mean": 0.7060530973451328,
    "top1_random_std": 0.026529533142536005,
    "top5_random_mean": 1.0,
    "top5_random_std": 0.0,
    "bal_acc_random_mean": 0.5082141603556607,
    "bal_acc_random_std": 0.03057105180168239
  }
}