{
  "codebook": {
    "perplexity": 4445.54457598417,
    "codes_used": 7587.0,
    "codebook_size": 8192.0,
    "utilization": 0.9261474609375,
    "dead_code_fraction": 0.0738525390625,
    "entropy_nats": 8.399657654725896
  },
  "sequence": {
    "unigram_entropy": 8.399657654725896,
    "bigram_conditional_entropy": 7.292559237465436,
    "entropy_gap_pct": 13.18028023008263,
    "mean_run_length": 1.0053039837171105,
    "frac_runs_ge_2": 0.07921859785783836,
    "max_possible_entropy": 9.010913347279288
  },
  "probe": {
    "top1_tokens_mean": 0.40640000000000004,
    "top1_tokens_std": 0.003706750598570126,
    "top5_tokens_mean": 0.87616,
    "top5_tokens_std": 0.0018119050747762851,
    "bal_acc_tokens_mean": 0.4062338855416524,
    "bal_acc_tokens_std": 0.0036209648171905014,
    "top1_raw_mean": 0.09896,
    "top1_raw_std": 0.00336793705404362,
    "top5_raw_mean": 0.5014200000000001,
    "top5_raw_std": 0.006915706760700598,
    "bal_acc_raw_mean": 0.10014838342283923,
    "bal_acc_raw_std": 0.00039010774995790236,
    "top1_random_mean": 0.10286000000000001,
    "top1_random_std": 0.002704255905050405,
    "top5_random_mean": 0.50264,
    "top5_random_std": 0.004310800389718833,
    "bal_acc_random_mean": 0.10289501127985404,
    "bal_acc_random_std": 0.002723768423775089
  },
  "retrieval": {
    "prec@1_tokens": 0.23484563537120923,
    "prec@5_tokens": 0.21748672184691706,
    "prec@1_random": 0.10192721852079119,
    "prec@5_random": 0.09930804767131311,
    "prec@1_raw": 0.10232922931308516,
    "prec@5_raw": 0.10208843019063862,
    "prec@1_tokens_jaccard": 0.17923333275239767,
    "prec@5_tokens_jaccard": 0.16523257312657372
  },
  "_feature_legend": {
    "tokens": "mean-pooled 64-D codebook embeddings (one per channel-second)",
    "raw": "token IDs cast to float32 \u2014 17 sparse categoricals in [0, 8192), NOT raw EEG",
    "random": "same featurization as tokens but with uniformly random IDs (lower bound)"
  }
}