{
  "codebook": {
    "perplexity": 4439.27136202673,
    "codes_used": 7462.0,
    "codebook_size": 8192.0,
    "utilization": 0.910888671875,
    "dead_code_fraction": 0.089111328125,
    "entropy_nats": 8.398245534307499
  },
  "sequence": {
    "unigram_entropy": 8.398245534307499,
    "bigram_conditional_entropy": 6.852705197976446,
    "entropy_gap_pct": 18.40313348802911,
    "mean_run_length": 1.005266175458206,
    "frac_runs_ge_2": 0.07877481451774614,
    "max_possible_entropy": 9.010913347279288
  },
  "probe": {
    "top1_tokens_mean": 0.0268,
    "top1_tokens_std": 0.0014142135623730952,
    "top5_tokens_mean": 0.18706,
    "top5_tokens_std": 0.0062247891530557075,
    "bal_acc_tokens_mean": 0.03677843889200672,
    "bal_acc_tokens_std": 0.002262007480414603,
    "top1_raw_mean": 0.02366,
    "top1_raw_std": 0.0011610340218959996,
    "top5_raw_mean": 0.14996,
    "top5_raw_std": 0.0030204304329019076,
    "bal_acc_raw_mean": 0.03675137945275895,
    "bal_acc_raw_std": 0.0018263143182099375,
    "top1_random_mean": 0.026840000000000003,
    "top1_random_std": 0.0015725775020646831,
    "top5_random_mean": 0.18438000000000002,
    "top5_random_std": 0.009381204613481148,
    "bal_acc_random_mean": 0.03656793802530392,
    "bal_acc_random_std": 0.0026218175075616063
  },
  "retrieval": {
    "prec@1_tokens": 0.03777730648101348,
    "prec@5_tokens": 0.03533140814015976,
    "prec@1_random": 0.03360077807335363,
    "prec@5_random": 0.03557345581487443,
    "prec@1_raw": 0.0333686782691241,
    "prec@5_raw": 0.03588847944223642,
    "prec@1_tokens_jaccard": 0.03350361736508222,
    "prec@5_tokens_jaccard": 0.03670914062353231
  },
  "_feature_legend": {
    "tokens": "mean-pooled 64-D codebook embeddings (one per channel-second)",
    "raw": "token IDs cast to float32 \u2014 17 sparse categoricals in [0, 8192), NOT raw EEG",
    "random": "same featurization as tokens but with uniformly random IDs (lower bound)"
  }
}