{
  "codebook": {
    "perplexity": 4439.27136202673,
    "codes_used": 7462.0,
    "codebook_size": 8192.0,
    "utilization": 0.910888671875,
    "dead_code_fraction": 0.089111328125,
    "entropy_nats": 8.398245534307499
  },
  "sequence": {
    "unigram_entropy": 8.398245534307499,
    "bigram_conditional_entropy": 6.852705197976446,
    "entropy_gap_pct": 18.40313348802911,
    "mean_run_length": 1.005266175458206,
    "frac_runs_ge_2": 0.07877481451774614,
    "max_possible_entropy": 9.010913347279288
  },
  "probe": {
    "top1_tokens_mean": 0.03146,
    "top1_tokens_std": 0.0016772000476985446,
    "top5_tokens_mean": 0.18412,
    "top5_tokens_std": 0.0022698017534577763,
    "bal_acc_tokens_mean": 0.04095404108863062,
    "bal_acc_tokens_std": 0.002329270150344258,
    "top1_raw_mean": 0.02908,
    "top1_raw_std": 0.0035266131060835123,
    "top5_raw_mean": 0.16892000000000001,
    "top5_raw_std": 0.025610193283144116,
    "bal_acc_raw_mean": 0.03715712357182645,
    "bal_acc_raw_std": 0.0007177381535454861,
    "top1_random_mean": 0.028200000000000003,
    "top1_random_std": 0.0012629330940315095,
    "top5_random_mean": 0.1641,
    "top5_random_std": 0.0021587033144922886,
    "bal_acc_random_mean": 0.03733786893066534,
    "bal_acc_random_std": 0.001771633170471498
  },
  "retrieval": {
    "prec@1_tokens": 0.03777730648101348,
    "prec@5_tokens": 0.03533140814015976,
    "prec@1_random": 0.03360077807335363,
    "prec@5_random": 0.03557345581487443,
    "prec@1_raw": 0.0333686782691241,
    "prec@5_raw": 0.03588847944223642,
    "prec@1_tokens_jaccard": 0.03350361736508222,
    "prec@5_tokens_jaccard": 0.03670914062353231
  }
}