{
  "codebook": {
    "perplexity": 4439.27136202673,
    "codes_used": 7462.0,
    "codebook_size": 8192.0,
    "utilization": 0.910888671875,
    "dead_code_fraction": 0.089111328125,
    "entropy_nats": 8.398245534307499
  },
  "sequence": {
    "unigram_entropy": 8.398245534307499,
    "bigram_conditional_entropy": 6.852705197976446,
    "entropy_gap_pct": 18.40313348802911,
    "mean_run_length": 1.005266175458206,
    "frac_runs_ge_2": 0.07877481451774614,
    "max_possible_entropy": 9.010913347279288
  },
  "probe": {
    "top1_tokens_mean": 0.52636,
    "top1_tokens_std": 0.002331951972061159,
    "top5_tokens_mean": 1.0,
    "top5_tokens_std": 0.0,
    "bal_acc_tokens_mean": 0.5156484636168285,
    "bal_acc_tokens_std": 0.005876461460485833,
    "top1_raw_mean": 0.29402,
    "top1_raw_std": 0.309295080788557,
    "top5_raw_mean": 1.0,
    "top5_raw_std": 0.0,
    "bal_acc_raw_mean": 0.49950361297225443,
    "bal_acc_raw_std": 0.0005192253337910061,
    "top1_random_mean": 0.50982,
    "top1_random_std": 0.006657101471361247,
    "top5_random_mean": 1.0,
    "top5_random_std": 0.0,
    "bal_acc_random_mean": 0.5006401096212081,
    "bal_acc_random_std": 0.009015713049500565
  },
  "retrieval": {
    "prec@1_tokens": 0.49307778978709516,
    "prec@5_tokens": 0.49976394893547593,
    "prec@1_random": 0.4967536605759034,
    "prec@5_random": 0.4990180683579412,
    "prec@1_raw": 0.49368066318623055,
    "prec@5_raw": 0.49676921037605026,
    "prec@1_tokens_jaccard": 0.4979466616363488,
    "prec@5_tokens_jaccard": 0.503102312586671
  },
  "_feature_legend": {
    "tokens": "mean-pooled 64-D codebook embeddings (one per channel-second)",
    "raw": "token IDs cast to float32 \u2014 17 sparse categoricals in [0, 8192), NOT raw EEG",
    "random": "same featurization as tokens but with uniformly random IDs (lower bound)"
  }
}